"subj","Region","Wave","Age","Volume"
"01","LeftLateralVentricle","1",56.63,5321.4
"01","LeftLateralVentricle","2",60.35,5063.6
"01","LeftLateralVentricle","3",62.62,5368.3
"02","LeftLateralVentricle","1",49.07,11038.6
"02","LeftLateralVentricle","2",52.58,11912.2
"02","LeftLateralVentricle","3",55.05,12313.3
"03","LeftLateralVentricle","1",74.61,29718.4
"03","LeftLateralVentricle","2",78.14,32265.1
"03","LeftLateralVentricle","3",80.59,35887
"04","LeftLateralVentricle","1",56.23,21830.1
"04","LeftLateralVentricle","2",59.78,23933.6
"04","LeftLateralVentricle","3",62.68,26164.2
"05","LeftLateralVentricle","1",63.22,17205.1
"05","LeftLateralVentricle","2",67,16970.1
"05","LeftLateralVentricle","3",69.53,15858.1
"06","LeftLateralVentricle","1",60.51,14800.4
"06","LeftLateralVentricle","2",64.29,18814.5
"06","LeftLateralVentricle","3",66.82,19464.2
"07","LeftLateralVentricle","1",58.87,19864.5
"07","LeftLateralVentricle","2",62.42,20962.8
"07","LeftLateralVentricle","3",64.87,22141.1
"08","LeftLateralVentricle","1",69.54,12080.9
"08","LeftLateralVentricle","2",73.04,12293.3
"08","LeftLateralVentricle","3",75.47,12915.2
"09","LeftLateralVentricle","1",59.33,17406.7
"09","LeftLateralVentricle","2",62.98,20601.1
"09","LeftLateralVentricle","3",65.59,23556.7
"10","LeftLateralVentricle","1",54.63,12438.3
"10","LeftLateralVentricle","2",58.18,13028.2
"10","LeftLateralVentricle","3",60.63,13901.2
"11","LeftLateralVentricle","1",60,9237.1
"11","LeftLateralVentricle","2",63.72,10744.8
"11","LeftLateralVentricle","3",66.45,11525
"12","LeftLateralVentricle","1",60.16,6983.1
"12","LeftLateralVentricle","2",63.67,7753.3
"12","LeftLateralVentricle","3",66.16,7970.1
"13","LeftLateralVentricle","1",55.43,11744.1
"13","LeftLateralVentricle","2",59.11,13516.4
"13","LeftLateralVentricle","3",61.37,14584.4
"14","LeftLateralVentricle","1",54.3,12758.7
"14","LeftLateralVentricle","2",58,14882.1
"14","LeftLateralVentricle","3",60.74,15543
"15","LeftLateralVentricle","1",54.42,21319.3
"15","LeftLateralVentricle","2",57.91,23144.5
"15","LeftLateralVentricle","3",60.73,24815.7
"16","LeftLateralVentricle","1",54.83,15474.5
"16","LeftLateralVentricle","2",58.33,16793.6
"16","LeftLateralVentricle","3",60.8,16728.5
"17","LeftLateralVentricle","1",50.63,8639.1
"17","LeftLateralVentricle","2",54.08,8859.1
"17","LeftLateralVentricle","3",57.24,9934.6
"18","LeftLateralVentricle","1",59.19,6287.3
"18","LeftLateralVentricle","2",62.84,7565.6
"18","LeftLateralVentricle","3",65.45,7936.3
"19","LeftLateralVentricle","1",60.2,15134.9
"19","LeftLateralVentricle","2",63.9,17370.7
"19","LeftLateralVentricle","3",66.51,17854.8
"20","LeftLateralVentricle","1",52.83,8202
"20","LeftLateralVentricle","2",56.34,9074
"20","LeftLateralVentricle","3",58.82,9458
"21","LeftLateralVentricle","1",65.29,11873.9
"21","LeftLateralVentricle","2",68.99,11881.7
"21","LeftLateralVentricle","3",71.92,12536.5
"22","LeftLateralVentricle","1",53.49,7112.3
"22","LeftLateralVentricle","2",57.01,6900.9
"22","LeftLateralVentricle","3",60.15,7268.1
"23","LeftLateralVentricle","1",66.84,12638.4
"23","LeftLateralVentricle","2",70.52,14024.9
"23","LeftLateralVentricle","3",72.66,13604
"24","LeftLateralVentricle","1",56.87,15534.5
"24","LeftLateralVentricle","2",59.7,16642
"24","LeftLateralVentricle","3",62.65,17531.3
"25","LeftLateralVentricle","1",58.15,12070.9
"25","LeftLateralVentricle","2",61.82,13019
"25","LeftLateralVentricle","3",63.97,13891.4
"26","LeftLateralVentricle","1",73.02,20446.6
"26","LeftLateralVentricle","2",76.56,22822.3
"26","LeftLateralVentricle","3",79,24895
"27","LeftLateralVentricle","1",71.61,25373.1
"27","LeftLateralVentricle","2",75.15,30271.4
"27","LeftLateralVentricle","3",77.59,32342.1
"28","LeftLateralVentricle","1",60.85,13390.9
"28","LeftLateralVentricle","2",64.36,15171.4
"28","LeftLateralVentricle","3",67.5,15917.8
"29","LeftLateralVentricle","1",54.07,11805.4
"29","LeftLateralVentricle","2",57.53,13060.9
"29","LeftLateralVentricle","3",60.34,13516.2
"30","LeftLateralVentricle","1",55.94,8641.8
"30","LeftLateralVentricle","2",59.64,9663.6
"30","LeftLateralVentricle","3",61.92,10028.7
"31","LeftLateralVentricle","1",69.59,9064.8
"31","LeftLateralVentricle","2",73.46,9768.1
"31","LeftLateralVentricle","3",75.9,14324.8
"32","LeftLateralVentricle","1",59.67,6793.9
"32","LeftLateralVentricle","2",63.2,7081.9
"32","LeftLateralVentricle","3",65.64,7670.5
"33","LeftLateralVentricle","1",55.55,10476.5
"33","LeftLateralVentricle","2",59.25,10712.6
"33","LeftLateralVentricle","3",61.84,10832.9
"34","LeftLateralVentricle","1",59.75,9178.3
"34","LeftLateralVentricle","2",63.44,10340.9
"34","LeftLateralVentricle","3",66.03,11440.2
"35","LeftLateralVentricle","1",65.1,28126.2
"35","LeftLateralVentricle","2",68.15,30623.1
"35","LeftLateralVentricle","3",70.89,31420.1
"36","LeftLateralVentricle","1",46.73,5677.7
"36","LeftLateralVentricle","2",50.45,5277.7
"36","LeftLateralVentricle","3",52.57,5464.7
"37","LeftLateralVentricle","1",47.5,6882.5
"37","LeftLateralVentricle","2",51.18,7781.5
"37","LeftLateralVentricle","3",53.46,7826
"38","LeftLateralVentricle","1",70.22,17169.1
"38","LeftLateralVentricle","2",73.66,19945.8
"38","LeftLateralVentricle","3",76.48,21589.9
"39","LeftLateralVentricle","1",74.69,17042.9
"39","LeftLateralVentricle","2",78.41,19957.3
"39","LeftLateralVentricle","3",80.54,21806
"40","LeftLateralVentricle","1",62.39,30976.2
"40","LeftLateralVentricle","2",66.09,35939.2
"40","LeftLateralVentricle","3",68.81,37374.4
"41","LeftLateralVentricle","1",57.7,10685.2
"41","LeftLateralVentricle","2",61.25,11531.9
"41","LeftLateralVentricle","3",64.35,12168.3
"42","LeftLateralVentricle","1",55.81,5303.1
"42","LeftLateralVentricle","2",59.71,5161.8
"42","LeftLateralVentricle","3",62.24,5464.2
"43","LeftLateralVentricle","1",60.25,54646.7
"43","LeftLateralVentricle","2",63.93,58559.1
"43","LeftLateralVentricle","3",66.21,61501.4
"44","LeftLateralVentricle","1",50.4,10062.2
"44","LeftLateralVentricle","2",53.87,9389.7
"44","LeftLateralVentricle","3",56.24,9141
"45","LeftLateralVentricle","1",46.66,7370.7
"45","LeftLateralVentricle","2",50.11,5242.4
"45","LeftLateralVentricle","3",52.46,5235
"46","LeftLateralVentricle","1",69.42,9845.3
"46","LeftLateralVentricle","2",73.09,10602.1
"46","LeftLateralVentricle","3",75.35,11118.7
"47","LeftLateralVentricle","1",52.69,13732.5
"47","LeftLateralVentricle","2",56.18,20332.8
"47","LeftLateralVentricle","3",58.64,21917.8
"48","LeftLateralVentricle","1",59.33,29464.2
"48","LeftLateralVentricle","2",62.98,31391.2
"48","LeftLateralVentricle","3",65.93,34579.9
"49","LeftLateralVentricle","1",70.64,28767.5
"49","LeftLateralVentricle","2",74.08,30751.5
"49","LeftLateralVentricle","3",76.46,33276.7
"50","LeftLateralVentricle","1",73.65,24163.3
"50","LeftLateralVentricle","2",77.09,23929.7
"50","LeftLateralVentricle","3",79.47,25486.1
"51","LeftLateralVentricle","1",69.22,18461.4
"51","LeftLateralVentricle","2",72.87,17144.1
"51","LeftLateralVentricle","3",75.48,17533.6
"52","LeftLateralVentricle","1",58.84,9353.2
"52","LeftLateralVentricle","2",62.3,11372.3
"52","LeftLateralVentricle","3",64.79,13070.9
"53","LeftLateralVentricle","1",61.24,11982
"53","LeftLateralVentricle","2",64.92,12696.7
"53","LeftLateralVentricle","3",67.08,13450.5
"54","LeftLateralVentricle","1",59.61,6469.8
"54","LeftLateralVentricle","2",63.29,6232.5
"54","LeftLateralVentricle","3",65.44,6603.2
"55","LeftLateralVentricle","1",67.36,17364.4
"55","LeftLateralVentricle","2",70.86,19076.4
"55","LeftLateralVentricle","3",73.15,20510
"56","LeftLateralVentricle","1",52.22,17833.4
"56","LeftLateralVentricle","2",55.72,19274.8
"56","LeftLateralVentricle","3",58.02,21190.3
"57","LeftLateralVentricle","1",52.5,11074.9
"57","LeftLateralVentricle","2",56.23,12304.1
"57","LeftLateralVentricle","3",59.1,12979.9
"58","LeftLateralVentricle","1",60.91,8448.4
"58","LeftLateralVentricle","2",64.58,9795.9
"58","LeftLateralVentricle","3",66.84,11154
"59","LeftLateralVentricle","1",77.63,29454.7
"59","LeftLateralVentricle","2",81.33,32870.8
"59","LeftLateralVentricle","3",84.05,34951.1
"60","LeftLateralVentricle","1",54.11,10008.1
"60","LeftLateralVentricle","2",57.76,11228.1
"60","LeftLateralVentricle","3",59.9,11254.3
"61","LeftLateralVentricle","1",66.37,16457.1
"61","LeftLateralVentricle","2",69.2,17420.6
"61","LeftLateralVentricle","3",72.15,21927.7
"62","LeftLateralVentricle","1",56.61,18033.2
"62","LeftLateralVentricle","2",60.35,18697.7
"62","LeftLateralVentricle","3",63.01,18774.2
"63","LeftLateralVentricle","1",69.82,36640.3
"63","LeftLateralVentricle","2",72.66,43187.6
"63","LeftLateralVentricle","3",75.01,49001.3
"64","LeftLateralVentricle","1",67.77,27778.1
"64","LeftLateralVentricle","2",71.21,30475.2
"64","LeftLateralVentricle","3",73.56,32220.1
"65","LeftLateralVentricle","1",61.47,20081.2
"65","LeftLateralVentricle","2",64.93,23687.7
"65","LeftLateralVentricle","3",67.88,25146.9
"66","LeftLateralVentricle","1",58.01,5321.2
"66","LeftLateralVentricle","2",61.49,5364.1
"66","LeftLateralVentricle","3",63.8,5713.4
"67","LeftLateralVentricle","1",71.21,10385.4
"67","LeftLateralVentricle","2",74.7,11046.7
"67","LeftLateralVentricle","3",77.17,11593.4
"68","LeftLateralVentricle","1",60.19,11179.4
"68","LeftLateralVentricle","2",63.94,12801.3
"68","LeftLateralVentricle","3",66.01,13582.4
"69","LeftLateralVentricle","1",61.19,14527.3
"69","LeftLateralVentricle","2",64.94,16294.3
"69","LeftLateralVentricle","3",67.82,18274.1
"70","LeftLateralVentricle","1",55.8,10058.9
"70","LeftLateralVentricle","2",59.52,12266.3
"70","LeftLateralVentricle","3",62.4,14126.2
"71","LeftLateralVentricle","1",67.8,8583.8
"71","LeftLateralVentricle","2",70.62,10034.2
"71","LeftLateralVentricle","3",73,10581.4
"72","LeftLateralVentricle","1",66.4,8472.6
"72","LeftLateralVentricle","2",69.24,9356.6
"72","LeftLateralVentricle","3",71.59,9906.5
"73","LeftLateralVentricle","1",64.94,13761.7
"73","LeftLateralVentricle","2",68.06,14458.4
"73","LeftLateralVentricle","3",70.72,15401
"74","LeftLateralVentricle","1",65.65,16031.6
"74","LeftLateralVentricle","2",68.77,16899.5
"74","LeftLateralVentricle","3",70.83,18750.6
